,P07585,Q9P0M4,Q9UGM5,Q9Y653
0,-2.8297,-1.8066,-1.9304,-2.686
1,-2.1921,-2.127,-1.92,-2.9263
2,-1.8498,-0.6538,-1.2569,-2.2744
3,-2.1312,-2.604,-1.5945,-1.5901
4,-2.2969,-1.8342,-1.5268,-2.0379
5,-0.5664,-0.5331,-2.2083,-0.3322
6,-2.6399,-1.5658,-1.5981,-0.0394
7,-1.5108,0.2298,-2.7922,-1.6884
8,-1.102,-0.5346,-2.3062,0.4885
9,-1.9825,-1.4281,-1.9228,-2.634
10,-3.2476,-2.0576,-2.7505,-2.3418
11,-1.1246,-1.2532,-1.7782,-0.3552
12,-1.6282,-0.2798,-1.6966,0.811
13,-1.5713,-1.1169,-1.4758,-1.2235
14,-1.4895,-0.8708,-2.294,0.7409
15,-1.3794,-0.7308,-1.9992,0.3453
16,-0.9838,0.2867,-1.7147,0.7563
17,-0.3317,1.6519,-3.537,-0.4875
18,-2.1057,-1.2732,-1.3658,-2.3941
19,-2.4795,-0.9941,-2.2689,-2.5527
20,-1.5091,-0.8581,-2.2945,-1.3806
21,-2.3644,-1.4254,-2.2309,-1.4878
22,-2.3466,-0.2189,-3.1239,-2.624
23,0.0937,0.0949,-1.8209,0.92
24,-1.7024,-1.7853,-2.3518,-2.2089
25,-1.5109,-0.8594,-1.6232,-0.3697
26,-1.5737,-1.771,-1.8909,-1.9856
27,-2.6665,-2.1403,-2.2597,-2.6657
28,-1.4197,-0.4286,-2.7923,0.724
29,-2.0886,-1.2526,-0.6083,-1.4142
30,-2.2409,-0.4277,-1.3575,-0.9516
31,-1.5405,-0.7159,-1.7117,-2.3992
32,-2.3771,0.4643,-1.9594,-2.6264
33,1.1527,3.5425,-3.5332,-0.1208
34,-0.4917,-0.7792,-1.8723,-0.1469
35,-2.5431,-1.1333,-1.8387,-2.6336
36,-1.2278,-1.4618,-2.6427,2.2021
37,-2.7471,-2.3139,-1.9878,-2.5304
38,-2.1643,-1.0883,-0.6412,-2.0457
39,-0.2834,-0.5944,-2.253,1.239
40,-1.377,-0.7155,-2.6021,2.2478
41,-0.6947,-0.7795,-1.4584,-1.1646
42,-1.878,-0.3355,-2.3588,-2.3599
43,-2.1022,-0.5911,-2.7195,0.6887
44,-2.1164,-1.9261,-2.7643,-0.7227
45,-1.9789,-2.1152,-1.2553,-1.7442
46,-2.2829,-0.1163,-1.7617,-2.1267
47,-2.0479,-1.2834,-2.0986,-2.9592
48,-1.5568,0.6121,-2.2324,-1.479
49,-1.7423,-1.16,-1.9805,-1.4837
50,-1.286,-1.0105,-2.3245,-0.1552
51,-2.1074,-2.2708,-2.8923,-2.0301
52,-2.5379,-1.6901,-0.4865,-2.5655
53,-2.6332,-0.6921,-2.3085,-1.9468
54,-1.2633,-1.114,-2.3615,-0.226
55,-2.4329,-2.0408,-2.261,-2.0838
56,-0.6498,-1.7687,-1.4612,-0.858
57,-0.2032,-0.9122,-2.4749,2.2999
58,-2.0416,-1.6394,-2.1018,-2.4561
59,-1.4352,-1.3007,-3.2209,0.8109
60,-1.4506,2.9217,-2.4882,-1.7414
61,0.3713,0.7957,-3.395,1.3266
62,-2.5472,-2.1539,-1.7271,-2.8154
63,-1.6951,-1.2131,-1.998,-2.605
64,-0.6268,0.3532,-2.2415,-1.104
65,-2.0779,-1.3861,-2.2709,-1.5809
66,-1.4941,0.4902,-1.8447,0.3121
67,-0.6235,-0.2266,-1.7786,0.7486
68,-1.1919,-1.2975,-1.9025,-1.6696
69,-3.0606,-1.8218,-2.1069,-2.6205
70,-1.4969,-1.3702,-2.0208,-1.7694
71,-2.3959,-1.3028,-1.0883,-1.9175
72,-1.1835,4.0249,-3.4009,-1.97
73,-1.7623,-0.2959,-2.4955,-2.4189
74,-2.342,-2.5424,-2.237,0.3341
75,-1.8198,-1.1136,-1.884,-1.1394
76,-1.9491,-1.3096,-2.4454,-2.3592
77,-2.7689,-0.7157,-2.6907,-2.6135
78,-1.8284,-0.1074,-1.7095,-2.4789
79,-2.9238,-2.6879,-2.6545,-2.9338
80,-2.551,-1.7386,-2.6103,-2.9716
81,-2.4863,-1.6502,-2.2475,-2.3585
82,-1.4757,-0.4439,-0.9244,-2.1645
83,-1.9408,-2.0396,-1.5368,-1.0725
84,-1.9922,0.1633,-2.1785,-1.5833
85,-2.1515,-1.7744,-1.8927,-1.8386
86,-2.52,-1.9024,-2.0913,-2.3192
87,-1.0087,0.7143,-1.8047,1.5214
88,-0.1649,-0.6177,-3.0027,0.1883
89,-1.7197,-1.0246,-2.247,-0.6337
90,-1.4224,-1.9363,-1.7363,-2.5561
91,-1.8327,-0.0127,-1.0147,-1.9369
92,-1.8003,-1.4633,-2.3418,-3.2921
93,-2.1074,-0.9805,-2.5366,-0.5657
94,-1.5818,0.4292,-1.6778,-0.7076
95,-0.9892,-0.4389,-1.399,-1.2862
96,-1.6149,-0.5904,-1.814,-1.8982
97,-1.7112,0.6014,-1.9861,-1.6619
98,-1.8736,-1.4588,-1.6759,-2.0069
99,-1.3739,-0.512,-1.6089,-1.7349
100,-2.6817,-2.1554,-2.0983,-2.2859
101,-2.2348,-2.3054,-2.5537,0.3621
102,0.4861,0.8313,-2.5296,-1.3527
103,-1.8613,-2.2072,-1.8695,-1.9461
104,-2.1993,0.7769,-2.7062,-0.8245
105,-0.0552,-0.2815,-3.2757,1.4189
106,-1.7509,-0.5876,-1.9114,-1.4822
107,-2.1304,-1.7325,-1.5213,0.0998
108,-1.6582,-1.0932,-1.2951,-1.7773
109,0.3221,-0.5652,-1.445,-1.1602
110,-0.6004,0.7413,-0.9766,1.5435
111,-0.8618,0.7208,-1.8212,-1.082
112,-2.9414,-1.0618,-0.3602,-1.9367
113,-2.8723,-2.4447,-1.0944,-2.9843
114,-1.837,-1.7065,-2.6184,-1.2682
115,-1.9253,-1.8553,-0.9321,-1.8654
116,-2.63,0.5255,-3.4164,-2.1145
117,-0.8138,-0.7978,-1.8959,-0.8081
118,-1.6267,-0.7296,-1.6107,-2.3782
119,-2.3106,-2.9989,-3.4642,-0.3071
120,-2.2741,-0.4172,-1.727,-2.9649
121,-1.1197,-1.2921,-3.1635,-1.3614
122,-1.4918,-1.3394,-1.1852,-1.2085
123,-2.5238,-1.658,-1.9867,-1.8712
124,-2.846,-1.2323,-1.4774,-2.5156
125,-2.1265,-2.0573,-1.1105,-2.8773
126,-2.4381,-1.8112,-1.6607,-2.5561
127,-1.4608,1.7847,-2.4286,0.6602
128,-1.5597,-0.6618,-0.8403,-0.808
129,-1.8778,-1.4687,-2.3825,-0.4982
130,-2.0153,-1.5801,-1.0265,-2.4524
131,-2.4304,-2.0675,-3.6952,-1.8188
132,-1.7876,-0.8471,-2.4906,-2.1033
133,-2.5337,-0.5944,-2.0072,-2.7871
134,-0.5874,-0.0148,-2.4998,-1.5997
135,-2.5751,-1.8398,-1.825,-1.9098
136,-0.3091,-0.2111,-2.331,-1.9713
137,-1.7715,-2.3952,-2.4443,-1.5628
138,-2.3147,-0.5944,-2.2128,-1.9828
139,-1.5712,-0.5187,-3.4523,-0.9276
140,-1.3509,-1.2544,-3.1337,0.2433
141,-2.516,-1.8653,-2.2764,1.2048
142,-1.9925,-0.1981,-1.6014,-0.541
143,-1.6613,-1.3207,-1.6269,0.6908
144,-2.3295,-1.527,-1.086,-3.0034
145,-2.6326,-1.5402,-1.1641,-2.1812
146,-1.4787,-0.485,-1.7693,-2.2439
147,0.0695,-0.2762,-2.38,-0.7827
148,-2.3699,-1.4462,-2.5517,-2.2104
149,-1.8577,0.2532,-1.8215,-1.7909
150,-1.9532,-0.9118,-2.5135,-1.2681
151,-0.669,-0.811,-1.0232,-1.3793
152,-1.092,-0.1813,-3.5053,0.3543
153,-2.0517,-0.6135,-1.6977,-2.0356
154,-1.5094,1.0575,-1.582,-1.5471
155,-0.9394,2.0231,-3.7345,-0.4382
156,-1.7521,0.5012,-1.9005,-2.6875
157,-1.8609,-1.6742,-1.8801,-2.5658
158,-2.3166,-1.7238,-1.8587,-1.5178
159,-2.099,-0.7574,-1.6879,-2.0995
160,-1.8572,-1.0539,-1.3729,-0.5812
161,-1.1228,-1.4037,-2.6577,-1.0736
162,-2.3092,-1.1485,-2.6719,-1.1277
163,-1.4238,-0.88,-1.4371,-1.2768
164,-0.8507,3.2687,-3.3786,-1.0221
165,-2.3141,-0.9218,-1.948,-0.1332
166,-2.7922,0.1259,-2.3538,-2.8915
167,-1.4352,-0.952,-1.0631,-1.6403
168,-0.1576,-0.2108,-1.2778,-1.3377
169,-1.7088,-0.1954,-4.6236,-1.6234
170,-2.0838,-1.4475,-2.3757,-2.1736
171,-1.9283,0.4157,-2.0036,-2.136
172,-1.1189,0.5215,-2.2536,-0.5386
173,-1.6933,-1.303,-2.2026,-1.9681
174,-2.0422,-0.9682,-0.3144,-2.2727
175,-2.6541,-2.3872,-1.6075,-2.3874
176,-1.9012,-1.5061,-2.4187,-1.4977
177,-1.8917,-1.3533,-1.2656,-1.8507
178,-1.5273,0.9099,-1.9316,-0.8346
179,-2.6815,-1.5784,-2.9797,-2.6046
180,-1.8269,-0.8715,-1.3294,-2.4204
181,-2.162,-1.7198,-3.5831,-1.7619
182,-1.4998,-2.1263,-1.6024,-1.4687
183,-2.689,-0.8919,-1.8419,-2.0024
184,-0.981,-1.7224,-1.928,-2.5932
185,-1.9764,0.9227,-3.3407,0.2318
186,0.3794,2.8034,-2.5192,-1.1193
187,-1.161,-1.1919,-1.1372,-2.1545
188,-0.61,-0.2053,-3.0868,0.0054
189,-2.0074,-1.961,-1.5045,-2.1215
190,-1.6852,0.0944,-1.3834,-1.9788
191,-1.9847,-2.3472,-1.5485,-1.1604
192,-2.5552,-0.4336,-2.1395,-2.2373
193,-0.9791,-0.1493,-1.5385,-1.0166
194,-2.1885,0.0749,-0.4244,-1.5974
195,-0.7779,1.0072,-2.6796,-0.0822
196,-2.2819,-0.7116,-2.2536,-1.3129
197,-1.7354,-0.6987,-2.7349,-1.8599
198,-2.3053,-1.1718,-1.2191,-2.0619
199,-1.9267,-1.1687,-1.2444,-3.3895
200,-2.4416,-1.7661,-2.0925,-1.5023
201,-1.9225,-0.9532,-2.5553,-2.1389
202,-1.8646,-1.9706,-1.295,-2.4532
203,-0.6369,1.1923,-2.9331,-2.691
204,-1.2349,-0.5128,-2.3298,1.3561
205,-1.7602,-1.3018,-2.158,-1.7102
206,-1.9677,-0.6518,-2.9668,-0.2482
207,-0.3699,0.146,-2.2602,1.3828
208,-1.3826,-1.8198,-2.1239,-1.6762
209,-2.5529,-1.6364,-2.4361,-1.9502
210,-1.3865,-1.1047,-2.0471,-1.3141
211,-1.2478,-1.5249,-2.7514,-2.0374
212,-1.4662,-0.2048,-1.6875,-1.5841
213,0.0562,1.0674,-2.0634,-1.8495
214,-3.117,-1.8769,-1.7082,-2.3257
215,-1.9958,-1.7206,-1.2278,-2.1518
216,-2.2149,-2.3948,-1.569,-1.8051
217,-1.9175,-0.0627,0.1824,-1.6532
218,-2.656,-1.3403,-1.8153,-3.0713
219,-1.6065,-0.5984,-3.1447,-0.4295
220,-2.4236,-2.973,-1.9943,-1.725
221,-1.1345,-0.5366,-1.463,0.014
222,0.2205,0.6575,-3.4289,-0.0208
223,-1.6871,-0.7019,-2.2464,0.266
224,-0.261,0.6627,-2.2472,0.6285
225,-1.787,-1.6607,-2.4358,-1.7473
226,0.8885,2.1852,-2.0551,-0.3393
227,-0.9695,0.5495,-2.4369,-0.6117
228,-1.5764,-1.9041,-2.3416,-0.3792
229,-1.2014,2.0649,-1.8198,-1.3295
230,-1.3667,-0.9737,-3.1919,0.3587
231,-1.7004,-0.9284,-1.4215,-0.9199
232,-2.275,-1.5299,-2.0213,-1.5679
233,-0.8034,-1.9186,-2.791,-1.9356
234,-1.6928,-0.909,-2.5992,-2.3302
235,-1.3366,-1.5282,-2.2535,-1.4815
236,0.3118,0.452,-2.1896,-0.666
237,-2.3467,-2.1372,-1.9002,-1.3697
238,-1.7507,-0.095,-1.7989,-0.0376
239,-1.7746,-0.2284,-2.3799,-2.1102
240,-1.7643,-0.6727,-1.8369,-2.4452
241,-1.8898,0.1474,-1.7307,-2.4727
242,-1.3589,-0.8709,-2.4815,1.5284
243,-2.039,-2.0206,-3.099,-1.28
244,-0.8861,-1.6124,-3.0397,-1.2362
245,-1.1561,-0.4176,-1.2742,-1.3727
246,-1.567,0.9284,-2.1163,-1.4503
247,-2.6332,-0.0481,-3.1223,-1.4376
248,-2.0581,-0.7045,-3.1597,-0.9607
249,-0.9147,-0.4167,-1.8436,0.7917
250,-2.2792,0.2613,-1.1929,-2.683
251,-2.0816,-1.8177,-3.2184,-0.9196
252,-1.4421,-0.7994,-1.6698,-0.8382
253,-1.9859,-0.1961,-2.1951,-1.3867
254,-1.7059,-1.8355,-3.1318,-0.3358
255,-1.006,-0.522,-2.2702,-0.8892
256,-1.144,0.6449,-3.1559,-1.4814
257,1.4063,0.9179,-3.7555,0.3014
258,-1.5039,-1.1212,-1.2501,-1.6773
259,-0.2906,-0.3957,-2.8872,-0.0211
260,-0.7283,-1.6236,-2.6147,-1.6413
261,-2.5549,-1.3773,-1.3006,-2.59
262,-2.5791,-0.7971,-0.3269,-2.5395
263,-1.4613,-0.4166,-2.3477,-1.2562
264,-1.2353,-0.9749,-1.7089,-0.9806
265,-2.2763,-0.9649,-2.5391,-1.8882
266,-2.0107,-0.6773,-2.5097,-2.182
267,-1.3693,-1.8825,-1.3883,-1.8288
268,-1.7936,-1.0684,-2.2914,-2.1164
269,-0.0057,-1.0475,-1.743,-1.6649
270,-1.169,-1.2686,-2.2114,-1.0788
271,-1.3396,5.2428,-3.015,0.641
272,-2.574,-0.9808,-0.5783,-2.9659
273,-2.0258,-1.2762,-2.6675,-2.042
274,-1.2329,1.027,-2.1569,-0.623
275,-1.9165,-1.8045,-2.2606,-1.2257
276,-1.5952,-1.9705,-1.4744,0.2556
277,-1.7317,-0.9486,-0.8066,-1.9615
278,-2.3186,-1.1831,-1.673,-1.8903
279,-1.5423,-0.7536,-2.4066,-1.5284
280,-1.8901,-2.2363,-0.7416,-1.0064
281,-1.0279,-1.3892,-1.7983,0.9456
282,1.0033,-0.9124,-1.5752,1.9186
283,-1.7306,1.6805,-2.5444,-0.7999
284,-2.3781,-1.8455,-2.1839,-1.6067
285,-2.1795,-1.8469,-2.8137,-1.7769
286,-1.6297,-1.2494,-3.5413,0.0735
287,-1.9653,-0.7069,-1.5953,-1.4617
288,-2.4097,-1.5811,-0.8282,-1.9708
289,-2.0246,-1.152,-1.7286,-2.5807
290,-1.6006,-2.0257,-4.0671,-1.3954
291,-1.9713,-0.96,-1.5669,-1.7137
292,-1.5704,0.77,-2.5073,-2.2534
293,-2.2105,-1.7072,-1.8336,-1.9853
294,-2.2615,-2.1149,-1.2508,-2.2718
295,-0.9263,1.4212,-2.5861,-0.2377
296,-0.4382,-1.2606,-1.9931,-1.2168
297,-1.9182,-0.095,-2.2108,-2.0489
298,-2.253,-0.7367,-1.819,-2.3928
299,-1.8455,-0.6777,-1.4664,-0.1327
300,-1.6698,-1.728,-1.9645,-1.3289
301,-1.7183,-1.293,-2.3505,-1.5457
302,-1.3357,1.0042,-2.0505,0.7337
303,-0.2333,4.271,-5.157,-1.1411
304,-0.3897,1.0018,-2.2462,1.2965
305,-1.8491,-0.7777,-2.3959,0.1129
306,-2.0934,-0.3823,-2.9718,0.1339
307,0.4121,0.8902,-3.7308,-1.0914
308,-1.328,0.8112,-4.0363,-0.4369
309,0.0911,2.0805,-4.1356,0.6329
310,0.8285,2.8119,-4.9678,0.0035
311,-0.9168,-0.834,-3.0488,-0.241
312,-1.4345,3.6428,-2.8282,0.4174
313,-0.6767,2.9789,-3.7893,0.1196
314,-1.3301,-1.8018,-2.8445,-0.6587
315,0.2764,1.7462,-1.6279,0.1842
316,0.751,-0.161,-2.5834,2.7754
317,-1.154,0.9467,-4.122,0.2672
318,-1.9434,-1.2963,-3.6265,0.1722
319,-1.7186,-1.032,-1.2001,-0.0193
320,-0.2639,2.9356,-2.5574,1.1661
321,-0.2643,-1.472,-3.5301,-0.0923
322,0.2798,0.6027,-2.2869,-0.6469
323,-2.1492,-0.9271,-3.6548,0.5213
324,-0.8433,1.324,-5.0231,-1.0597
325,-0.0499,0.8627,-2.8858,0.4132
326,-1.8284,0.7799,-2.522,-1.0091
327,0.1748,3.7128,-2.2226,0.1431
328,0.0934,2.2019,-2.2896,-0.7045
329,-0.5505,0.4751,-2.4632,-0.0404
330,0.3543,1.7791,-2.0018,1.4798
331,0.384,0.4361,-2.7944,0.6061
332,-2.4301,-1.9502,-1.9722,0.6181
333,0.6448,1.7063,-4.1992,-0.5389
334,-1.1097,-1.4101,-1.3051,-0.6206
335,-1.2406,-1.2618,-2.0838,0.2267
336,-0.3377,0.0351,-2.7695,0.7177
337,0.839,3.31,-3.3561,1.0332
338,-0.7789,0.3844,-3.2582,1.2588
339,0.0824,1.1664,-2.9712,1.8874
340,-1.6721,-0.7645,-2.7253,-2.4301
341,-0.5414,0.584,-2.443,1.2652
342,-0.6373,-0.0589,-3.0489,-0.6997
343,0.3649,1.0035,-2.2663,-0.7984
